{"count":1,"gauges":{},"self":40.4841632,"total":46.5370141,"children":{"AgentResetIfDone":{"count":2262,"self":0.039040899999999996,"total":0.039040899999999996,"children":null},"AgentSendState":{"count":2262,"self":0.11534449999999999,"total":0.1494518,"children":{"CollectObservations":{"count":4528,"self":0.0341073,"total":0.0341073,"children":null}}},"DecideAction":{"count":2262,"self":5.2841,"total":5.7170051,"children":{"RayPerceptionSensor.Perceive":{"count":4528,"self":0.432905,"total":0.432905,"children":null}}},"AcademyStep":{"count":2262,"self":0.0059748,"total":0.0059748,"children":null},"AgentAct":{"count":2262,"self":0.1393565,"total":0.1393565,"children":null}}}