{"count":1,"gauges":{},"self":16.016351999999998,"total":17.8145634,"children":{"AgentResetIfDone":{"count":827,"self":0.0140244,"total":0.0140244,"children":null},"AgentSendState":{"count":827,"self":0.0460128,"total":0.0730581,"children":{"CollectObservations":{"count":1656,"self":0.027045299999999998,"total":0.027045299999999998,"children":null}}},"DecideAction":{"count":827,"self":1.4484571,"total":1.6333054999999999,"children":{"RayPerceptionSensor.Perceive":{"count":1656,"self":0.1848484,"total":0.1848484,"children":null}}},"AcademyStep":{"count":827,"self":0.0059979,"total":0.0059979,"children":null},"AgentAct":{"count":827,"self":0.068825299999999992,"total":0.068825299999999992,"children":null}}}